{"train_loss": 0.20754747986793518, "train_imputation_loss": 0.29943209886550903, "train_anomaly_loss": 0.15139921009540558, "train_classify_loss": 0.14732442572712898, "_timestamp": 1718992827.5697694, "_runtime": 4059.501222372055, "_step": 99, "test_loss": 0.12794181861811213, "train_accuracy": 0.9786666666666667, "test_accuracy": 0.934, "test_imputation_loss": 0.35013023018836975, "test_anomaly_loss": 0.09897936694324017, "test_classify_loss": 0.11965239950352245, "_wandb": {"runtime": 4059}}