{"train_loss": 0.10907796062529088, "train_imputation_loss": 0.2773151397705078, "train_anomaly_loss": 0.03177648410201073, "train_classify_loss": 0.07499114945530891, "_timestamp": 1719052863.470087, "test_loss": 0.07225563041865826, "train_accuracy": 0.9713333333333334, "test_accuracy": 0.952, "test_imputation_loss": 0.32080623507499695, "test_anomaly_loss": 0.024934229906648397, "test_classify_loss": 0.06758292867905563, "_runtime": 31557.607968091965, "_step": 399, "_wandb": {"runtime": 31557}}