{"train_loss": 0.04065610753372312, "train_imputation_loss": 0.21620593965053558, "train_anomaly_loss": 0.019512752629816534, "train_classify_loss": 0.028105319086462258, "_timestamp": 1719002030.0426128, "_runtime": 8531.583229780197, "_step": 199, "test_loss": 0.03472594529286855, "train_accuracy": 0.9786666666666667, "test_accuracy": 0.958, "test_imputation_loss": 0.28474003076553345, "test_anomaly_loss": 0.028147445991635323, "test_classify_loss": 0.03309239159545137, "_wandb": {"runtime": 8531}}