{"train_loss": 0.15300313979387284, "train_imputation_loss": 0.28637242317199707, "train_anomaly_loss": 0.10010728985071182, "train_classify_loss": 0.10434444099664689, "_timestamp": 1719002108.7027879, "_runtime": 8560.136807918549, "_step": 199, "test_loss": 0.0957730451391803, "train_accuracy": 0.9788888888888889, "test_accuracy": 0.94, "test_imputation_loss": 0.2970186173915863, "test_anomaly_loss": 0.06371095683425665, "test_classify_loss": 0.08964124015635914, "_wandb": {"runtime": 8559}}