{"train_loss": 0.3039738416671753, "_timestamp": 1718986997.3610198, "_runtime": 28.835245847702026, "_step": 0}