{"train_loss": 0.13002050817012786, "train_imputation_loss": 0.2888224720954895, "train_anomaly_loss": 0.060515789315104485, "train_classify_loss": 0.08903510197997093, "_timestamp": 1719018578.6282322, "test_loss": 0.07959909741249349, "train_accuracy": 0.9755555555555555, "test_accuracy": 0.952, "test_imputation_loss": 0.308320552110672, "test_anomaly_loss": 0.042937420308589935, "test_classify_loss": 0.07426498366726769, "_runtime": 16324.084776163101, "_step": 199, "_wandb": {"runtime": 16323}}