{"train_loss": 0.03427684433758259, "train_imputation_loss": 0.19596484303474426, "train_anomaly_loss": 0.020690804254263638, "train_classify_loss": 0.022300090193748474, "_timestamp": 1719018642.3998346, "test_loss": 0.03146940552733011, "train_accuracy": 0.9773333333333334, "test_accuracy": 0.942, "test_imputation_loss": 0.24427951872348785, "test_anomaly_loss": 0.02509911428205669, "test_classify_loss": 0.03003414918979009, "_runtime": 16359.243127584457, "_step": 199, "_wandb": {"runtime": 16359}}