{"train_loss": 0.2986766904592514, "train_imputation_loss": 0.30110466480255127, "train_anomaly_loss": 0.20289607346057892, "train_classify_loss": 0.22798701226711274, "_timestamp": 1718988401.4856114, "_runtime": 1013.399923324585, "_step": 19, "test_loss": 0.21643471717834473, "train_accuracy": 0.9848888888888889, "test_accuracy": 0.946, "test_imputation_loss": 0.3619861304759979, "test_anomaly_loss": 0.15414662659168243, "test_classify_loss": 0.20556168721781837, "_wandb": {"runtime": 1013}}