{"train_loss": 0.01818958795629442, "train_imputation_loss": 0.12176026403903961, "train_anomaly_loss": 0.005564726004377007, "train_classify_loss": 0.012206232184544205, "_timestamp": 1719052864.283763, "test_loss": 0.027863763541811044, "train_accuracy": 0.9868888888888889, "test_accuracy": 0.952, "test_imputation_loss": 0.2450803965330124, "test_anomaly_loss": 0.006896853054058738, "test_classify_loss": 0.02707391901355651, "_runtime": 31577.93115091324, "_step": 399, "_wandb": {"runtime": 31577}}