{"train_loss": 0.06093741111457348, "train_imputation_loss": 0.28760553896427155, "train_anomaly_loss": 0.03799889460206032, "train_classify_loss": 0.04183341033756733, "_timestamp": 1718992891.7446313, "_runtime": 4066.6718661785126, "_step": 99, "test_loss": 0.047320792567398816, "train_accuracy": 0.9633333333333334, "test_accuracy": 0.944, "test_imputation_loss": 0.39436817169189453, "test_anomaly_loss": 0.02890127303544432, "test_classify_loss": 0.04541681797968017, "_wandb": {"runtime": 4066}}